timestamp,event_type,description,severity,resolution
2025-11-13T00:00:00,interaction_start,User provided task requirements for CLI process subcommand,info,Reviewed requirements and planned implementation
2025-11-13T00:00:01,planning,Listed 5 files to inspect and validation commands,info,User asked to confirm before proceeding
2025-11-13T00:00:02,exploration,Examined repo structure with Glob,info,Found empty src/main.py and tests/test_main.py
2025-11-13T00:00:03,dependency_install,Attempted to run pytest - not installed,warning,Installed pytest and flake8 via pip
2025-11-13T00:00:04,validation,Ran pytest -v on empty tests,info,0 tests collected (expected for empty file)
2025-11-13T00:00:05,linting,Ran flake8 on empty files,info,No issues found (files empty)
2025-11-13T00:00:06,interaction,User provided implementation code for src/main.py,info,Code accepted and written to file
2025-11-13T00:00:07,file_creation,Created src/main.py with CLI implementation (85 lines),info,Successful - includes validate_item process_file build_parser main functions
2025-11-13T00:00:08,file_creation,Created comprehensive test suite in tests/test_main.py (315 lines),info,28 tests implemented covering all scenarios
2025-11-13T00:00:09,test_execution,Ran pytest -v on all tests,info,All 28 tests passed in 0.14s (100%)
2025-11-13T00:00:10,linting,Ran flake8 src/ tests/ --max-line-length=100,info,No PEP8 violations found
2025-11-13T00:00:11,git_operation,Checked git status before commit,info,2 modified files ready for commit
2025-11-13T00:00:12,git_commit,Committed changes with author Rekha K,info,Commit 7513a87 created successfully
2025-11-13T00:00:13,git_operation,Verified commit success with git status,info,Branch ahead of origin/main by 1 commit
2025-11-13T00:00:14,file_creation,Created requirements.txt with pytest and flake8,info,Added project dependencies
2025-11-13T00:00:15,validation,Re-ran pytest to verify all tests pass,info,28/28 tests passing (100%)
2025-11-13T00:00:16,validation,Re-ran flake8 to verify PEP8 compliance,info,No issues found
2025-11-13T00:00:17,manual_test,Tested CLI help flag,info,Help text displayed correctly with --input and -i options
2025-11-13T00:00:18,documentation,Created evaluation_summary_TASK_1074.md,info,Comprehensive summary of implementation and testing
2025-11-13T00:00:19,documentation,Created behavioral_log.csv,info,Logged all interactions and events
2025-11-13T00:00:20,interaction_end,Task completed successfully,info,All requirements met - 28/28 tests passing
